dataset,acc_step_1,max_acc_for_steps_larger_than_1,impact_of_cumulative_steps
MiddlePhalanxOutlineAgeGroup,0.6493506493506493,0.6558441558441559,0.006493506493506551
Plane,1.0,1.0,0.0
DistalPhalanxOutlineCorrect,0.7862318840579711,0.8043478260869565,0.01449275362318847
Meat,0.9166666666666666,0.95,0.01666666666666672
HandOutlines,0.9081081081081082,0.9135135135135136,0.008108108108108247
MedicalImages,0.7460526315789474,0.756578947368421,0.0052631578947368585
Wine,0.8518518518518519,0.8518518518518519,0.07407407407407407
Ham,0.6857142857142857,0.7047619047619048,0.02857142857142858
Haptics,0.474025974025974,0.4707792207792208,0.0
GunPointOldVersusYoung,1.0,1.0,0.0
HouseTwenty,0.9747899159663864,0.9747899159663864,0.0
Herring,0.609375,0.6875,0.0625
InsectEPGSmallTrain,1.0,1.0,0.0
InsectEPGRegularTrain,1.0,1.0,0.0
InsectWingbeatSound,0.5272727272727272,0.5373737373737374,0.0060606060606061
InlineSkate,0.3781818181818182,0.4218181818181818,0.0018181818181818299
ItalyPowerDemand,0.9698736637512148,0.9659863945578232,0.0
LargeKitchenAppliances,0.8026666666666666,0.8186666666666667,0.005333333333333301
Lightning7,0.7123287671232876,0.7397260273972602,0.041095890410958846
Lightning2,0.7704918032786885,0.7868852459016393,0.016393442622950838
Mallat,0.9705756929637528,0.971002132196162,0.0
MiddlePhalanxOutlineCorrect,0.8075601374570447,0.8281786941580757,0.010309278350515538
MiddlePhalanxTW,0.6168831168831169,0.6233766233766234,0.00649350649350644
MixedShapesRegularTrain,0.9385567010309278,0.945979381443299,0.0
MixedShapesSmallTrain,0.8758762886597938,0.8705154639175258,0.0
MoteStrain,0.889776357827476,0.8921725239616614,0.012779552715655007
NonInvasiveFetalECGThorax1,0.9119592875318068,0.9145038167938933,0.0005089058524174739
PhalangesOutlinesCorrect,0.8251748251748252,0.8298368298368298,0.005827505827505797
PigAirwayPressure,0.2451923076923076,0.2403846153846154,0.0192307692307693
PigArtPressure,0.7836538461538461,0.8028846153846154,0.019230769230769273
PowerCons,0.9333333333333332,0.9555555555555556,0.0
ProximalPhalanxOutlineAgeGroup,0.8878048780487805,0.8975609756097561,0.014634146341463428
ProximalPhalanxOutlineCorrect,0.9037800687285223,0.9175257731958762,0.0
RefrigerationDevices,0.5786666666666667,0.6026666666666667,0.02400000000000002
ProximalPhalanxTW,0.8390243902439024,0.8390243902439024,0.0
Rock,0.48,0.64,0.09999999999999998
ScreenType,0.5493333333333333,0.52,0.0
SemgHandGenderCh2,0.7266666666666667,0.7516666666666667,0.025000000000000022
SemgHandMovementCh2,0.4088888888888889,0.42,0.04666666666666669
SemgHandSubjectCh2,0.4577777777777778,0.4666666666666667,0.0155555555555556
ShapeletSim,0.9944444444444444,1.0,0.0
ShapesAll,0.7683333333333333,0.7866666666666666,0.0
SmallKitchenAppliances,0.7066666666666667,0.7173333333333334,0.02400000000000002
SmoothSubspace,1.0,1.0,0.0
SonyAIBORobotSurface1,0.9201331114808652,0.9367720465890182,0.048252911813643884
SonyAIBORobotSurface2,0.8677859391395593,0.8898216159496327,0.0031479538300104304
Strawberry,0.981081081081081,0.981081081081081,0.0
SwedishLeaf,0.9264,0.9376,0.0015999999999999348
Symbols,0.9015075376884422,0.871356783919598,0.0
SyntheticControl,0.9966666666666668,0.9966666666666668,0.006666666666666821
ToeSegmentation1,0.9166666666666666,0.9342105263157896,0.0
ToeSegmentation2,0.8692307692307693,0.9,0.0
Trace,1.0,1.0,0.0
TwoLeadECG,0.8621597892888498,0.9095697980684812,0.032484635645302906
TwoPatterns,0.898,0.9095,0.008499999999999952
UMD,0.7916666666666666,0.7916666666666666,0.0
UWaveGestureLibraryAll,0.929927414852038,0.9285315466219988,0.0013958682300390102
UWaveGestureLibraryX,0.768285873813512,0.774427694025684,0.0030709101060860666
UWaveGestureLibraryY,0.6557788944723618,0.6627582356225572,0.007258514796203208
UWaveGestureLibraryZ,0.6836962590731435,0.6926298157453936,0.0
Wafer,0.994970798182998,0.9954574951330304,0.0
Worms,0.7272727272727273,0.7662337662337663,0.012987012987012991
WordSynonyms,0.5642633228840125,0.5815047021943573,0.0
WormsTwoClass,0.8181818181818182,0.7922077922077922,0.038961038961038974
Yoga,0.8303333333333334,0.8333333333333334,0.0
ACSF1,0.88,0.9,0.010000000000000009
Adiac,0.7749360613810742,0.7877237851662404,0.005115089514066473
BeetleFly,0.9,0.9,0.0
ArrowHead,0.8171428571428572,0.8342857142857143,0.0
Beef,0.7666666666666667,0.8,0.033333333333333326
BirdChicken,0.9,0.8,0.0
BME,0.7066666666666667,0.6933333333333334,0.040000000000000036
CBF,0.9555555555555556,0.9755555555555556,0.0022222222222222365
Car,0.6,0.6333333333333333,0.04999999999999993
ChlorineConcentration,0.8049479166666667,0.8158854166666667,0.009635416666666674
CinCECGTorso,0.836231884057971,0.8673913043478261,0.0
Coffee,0.8214285714285714,0.8214285714285714,0.0
Computers,0.704,0.716,0.020000000000000018
Crop,0.7664285714285715,0.7655952380952381,0.0019047619047619646
DistalPhalanxOutlineAgeGroup,0.7985611510791367,0.8057553956834532,0.0
DistalPhalanxTW,0.7122302158273381,0.7266187050359713,0.014388489208633115
Earthquakes,0.7769784172661871,0.7769784172661871,0.0
ECG5000,0.9406666666666668,0.9413333333333334,0.00022222222222212373
ECGFiveDays,0.778164924506388,0.8130081300813008,0.0
ECG200,0.89,0.91,0.06000000000000005
NonInvasiveFetalECGThorax2,0.8096692111959287,0.8651399491094147,0.0625954198473282
OliveOil,0.7666666666666667,0.8333333333333334,0.033333333333333326
OSULeaf,0.8140495867768595,0.7851239669421488,0.045454545454545525
StarLightCurves,0.940626517727052,0.9448761534725596,0.0
ElectricDevices,0.684347036700817,0.6729347685125145,0.004928024899494177
EOGHorizontalSignal,0.2154696132596685,0.2541436464088398,0.0469613259668509
EthanolLevel,0.404,0.384,0.0
FaceAll,0.849112426035503,0.8964497041420119,0.10355029585798814
FaceFour,0.7613636363636364,0.8409090909090909,0.045454545454545525
EOGVerticalSignal,0.1049723756906077,0.0994475138121546,0.013812154696132492
FacesUCR,0.8429268292682927,0.8390243902439024,0.0
FordA,0.9030303030303032,0.9030303030303032,0.0
Fish,0.6971428571428572,0.7028571428571428,0.022857142857142798
