dataset,num_classes,num_train_samples,num_test_samples,vae_best_acc,vae_best_f1,classifier_best_acc,classifier_best_f1,classifier_augmented_step_0_best_acc,classifier_augmented_step_0_best_f1,vae_augmented_step_1_best_acc,vae_augmented_step_1_best_f1,classifier_augmented_step_1_best_acc,classifier_augmented_step_1_best_f1,vae_augmented_step_2_best_acc,vae_augmented_step_2_best_f1,classifier_augmented_step_2_best_acc,classifier_augmented_step_2_best_f1,vae_augmented_step_3_best_acc,vae_augmented_step_3_best_f1,classifier_augmented_step_3_best_acc,classifier_augmented_step_3_best_f1,vae_augmented_step_4_best_acc,vae_augmented_step_4_best_f1,classifier_augmented_step_4_best_acc,classifier_augmented_step_4_best_f1,vae_augmented_step_5_best_acc,vae_augmented_step_5_best_f1,classifier_augmented_step_5_best_acc,classifier_augmented_step_5_best_f1,vae_augmented_step_6_best_acc,vae_augmented_step_6_best_f1,classifier_augmented_step_6_best_acc,classifier_augmented_step_6_best_f1,vae_augmented_step_7_best_acc,vae_augmented_step_7_best_f1,classifier_augmented_step_7_best_acc,classifier_augmented_step_7_best_f1,vae_augmented_step_8_best_acc,vae_augmented_step_8_best_f1,classifier_augmented_step_8_best_acc,classifier_augmented_step_8_best_f1,execution_time,alpha
ECG200,2,100,100,0.9300000071525574,0.9235724424063763,0.9,0.8976933514246948,0.87,0.871578502798015,0.9199999570846558,0.9120879120879121,0.91,0.9083335203680843,0.9199999570846558,0.9120879120879121,0.86,0.8607807807807808,0.9099999666213989,0.899001234429357,0.89,0.8896517087018233,0.9099999666213989,0.899001234429357,0.92,0.9194725274725275,0.9099999666213989,0.899001234429357,0.86,0.8619419924337958,0.9300000071525574,0.9225578050669322,0.9,0.8985739750445632,0.9399999976158142,0.9340659340659341,0.91,0.9102621076475029,0.9099999666213989,0.899001234429357,0.87,0.8686624626617988,246.46172499656677,1.0
ECG200,2,100,100,0.9300000071525574,0.9235724424063763,0.9,0.9,0.9,0.9005577005577006,0.9300000071525574,0.9214454045561665,0.9,0.8993406593406593,0.9099999666213989,0.9004314636574842,0.9,0.9010186757215619,0.9199999570846558,0.9131944444444444,0.93,0.9302038615036133,0.9199999570846558,0.9131944444444444,0.91,0.9102621076475029,0.9399999976158142,0.9348958333333333,0.91,0.91072,0.9399999976158142,0.9340659340659341,0.91,0.9097150343924008,0.9399999976158142,0.9340659340659341,0.9,0.9,0.9399999976158142,0.9348958333333333,0.9,0.8976933514246948,293.2808361053467,1.5
ECG200,2,100,100,0.9199999570846558,0.910873440285205,0.87,0.8695883830112459,0.9,0.8993406593406593,0.9199999570846558,0.9120879120879121,0.88,0.8772320217096337,0.9300000071525574,0.9225578050669322,0.85,0.8518213493823251,0.9199999570846558,0.9120879120879121,0.93,0.9292797875871224,0.9099999666213989,0.9004314636574842,0.84,0.8377183600713012,0.8999999761581421,0.8927498927498927,0.9,0.9005577005577006,0.9300000071525574,0.9225578050669322,0.84,0.840892320892321,0.9300000071525574,0.9225578050669322,0.87,0.870378599935282,0.9099999666213989,0.9004314636574842,0.89,0.8888682376369067,270.62495255470276,2.0
ECG200,2,100,100,0.9199999570846558,0.910873440285205,0.87,0.8663703703703703,0.88,0.8816645649432534,0.9099999666213989,0.90292309351742,0.89,0.8913356562137049,0.8999999761581421,0.8901098901098901,0.87,0.87104,0.9300000071525574,0.9214454045561665,0.85,0.8504368460791716,0.9300000071525574,0.9235724424063763,0.9,0.8976933514246948,0.9199999570846558,0.9120879120879121,0.85,0.8526610644257703,0.9199999570846558,0.9131944444444444,0.83,0.8252535612535613,0.9099999666213989,0.90292309351742,0.87,0.871578502798015,0.9199999570846558,0.9131944444444444,0.86,0.8590769230769232,261.03875827789307,2.5
ECG200,2,100,100,0.9199999570846558,0.910873440285205,0.91,0.9090740126120146,0.9,0.8993406593406593,0.9399999976158142,0.9356499356499357,0.88,0.8806692406692406,0.9399999976158142,0.9340659340659341,0.88,0.88,0.9300000071525574,0.9225578050669322,0.86,0.8580035650623885,0.9399999976158142,0.9340659340659341,0.84,0.8347058823529412,0.9300000071525574,0.9225578050669322,0.89,0.886928774928775,0.9199999570846558,0.9120879120879121,0.85,0.8495250573206681,0.9199999570846558,0.9120879120879121,0.88,0.8816645649432534,0.9300000071525574,0.9235724424063763,0.86,0.8607807807807808,249.35261702537537,3.0
ECG200,2,100,100,0.9199999570846558,0.910873440285205,0.88,0.8792087912087913,0.88,0.8772320217096337,0.9300000071525574,0.9235724424063763,0.91,0.9102621076475029,0.9300000071525574,0.9235724424063763,0.87,0.8695883830112459,0.9300000071525574,0.9235724424063763,0.87,0.8686624626617988,0.9300000071525574,0.9244957394024377,0.85,0.8504368460791716,0.9199999570846558,0.9131944444444444,0.88,0.88,0.9199999570846558,0.9120879120879121,0.87,0.8663703703703703,0.9099999666213989,0.9004314636574842,0.84,0.8416298811544992,0.8999999761581421,0.8885918003565062,0.84,0.8426666666666667,252.09620428085327,3.5
ECG200,2,100,100,0.9099999666213989,0.90292309351742,0.86,0.8607807807807808,0.87,0.8675928627538997,0.9399999976158142,0.9331550802139037,0.87,0.8695883830112459,0.9399999976158142,0.9356499356499357,0.83,0.8304950922230612,0.9199999570846558,0.9131944444444444,0.84,0.8426666666666667,0.9399999976158142,0.9348958333333333,0.87,0.8675928627538997,0.9399999976158142,0.9340659340659341,0.84,0.8426666666666667,0.9399999976158142,0.9331550802139037,0.84,0.840892320892321,0.9300000071525574,0.9235724424063763,0.82,0.8224968474148802,0.9300000071525574,0.9225578050669322,0.86,0.8567706919945727,217.90384554862976,4.0
ECG200,2,100,100,0.9099999666213989,0.90292309351742,0.86,0.8580035650623885,0.85,0.848456687686691,0.9300000071525574,0.9225578050669322,0.88,0.8782887700534759,0.9199999570846558,0.9131944444444444,0.9,0.8993406593406593,0.9199999570846558,0.9141999141999142,0.83,0.8282509127115831,0.9399999976158142,0.9340659340659341,0.84,0.8416298811544992,0.9199999570846558,0.9131944444444444,0.83,0.826852205139715,0.9300000071525574,0.9225578050669322,0.84,0.8363093622795116,0.9099999666213989,0.90292309351742,0.81,0.8046951566951567,0.9099999666213989,0.9004314636574842,0.83,0.833391304347826,226.77153611183167,4.5
EOGVerticalSignal,12,362,362,0.8018639089718952,0.886108488699734,0.8839658755697518,0.8319854041874025,0.710859127257448,0.7741617877625031,0.8511087753161803,0.6980331990551957,0.7197479623206514,0.7735720236209154,0.8618045625962504,0.6943668003007246,0.7146500520352052,0.7914536161637319,0.85363856183212,0.6842103225743174,0.715415621272005,0.7953255681399247,0.8601838281223673,0.702796799089974,0.7182960583499043,0.7914752562847879,0.8377400805921267,0.6897077613656182,0.7359369855775283,0.7858944496973158,0.8687885102712722,0.6979109839011586,0.7077911249532542,0.8093143479093504,0.84727901499798,0.7321662964338604,0.6961378072966631,0.7614566452162901,0.8650074848038228,0.7452064521801105,0.7366565069521676,0.8062823911514472,0.8719254914576293,1.0
EOGVerticalSignal,12,362,362,0.8128284681527875,0.853830606041578,0.8889626520765435,0.8025682452457359,0.7848812547270991,0.8666420339667794,0.684053456201585,0.6971543370251332,0.7894851360324661,0.8643054724288253,0.7039977878726507,0.7069515241460415,0.8014778151241553,0.8618137770071972,0.7064194035095206,0.7025745214239082,0.8087750375583669,0.8951721317571509,0.6829098378047193,0.7121417105101917,0.7944617589973084,0.9056190140842295,0.6797607353682744,0.7041983253709644,0.8304702639634555,0.9012764376540316,0.6901355595136861,0.6786498030607269,0.7872779054773517,0.8864604082181616,0.7237185198081817,0.7547118305447553,0.7695693337592872,0.8918022898941991,0.7297519514663448,0.6827767364847898,0.8577134354345013,0.9307770966914348,2.3296276931914726,1.5
EOGVerticalSignal,12,362,362,0.8333332268053093,0.8996921701529584,0.8364244914767542,0.8576830655670445,0.860112864908706,0.8670270741691493,0.8881813522653978,0.7894027040714544,0.8679374815033625,0.8675265335086798,0.8883264317729738,0.8016955684304897,0.8716471914135183,0.8722685443293505,0.9065383488813824,0.8091493373649459,0.8850997311035229,0.876870203225973,0.9047634370342048,0.779172555078377,0.8893514673360404,0.8765003877650696,0.9335050079061473,0.7837187317620887,0.8771423457210239,0.888107755402654,0.8943824417347953,0.7818272066672146,0.8628813292513472,0.9065624869647326,0.9047936073858462,0.7856992760078906,0.8586732246935393,0.8481272881073063,0.8855303684003805,0.8625860764866745,0.8586996922920664,0.9084192915881297,0.8465946137457849,2.0
EOGVerticalSignal,12,362,362,0.8252919689045597,0.8547325646370256,0.8107888626734372,0.8960590115479583,0.809551196965966,0.8824774546537564,0.7850640095211369,0.84139844265682,0.8096230839601207,0.8908352282767923,0.7964038833476492,0.833840464590106,0.8228018031223632,0.8961855323002259,0.8018731459921524,0.8542491793640345,0.821440086064119,0.8965991268059953,0.8184285997736096,0.872122695312541,0.8118228901538216,0.9010666908896138,0.7688250405925319,0.840163048576302,0.8152892715365837,0.8731292899692372,0.8364357742552772,0.8630123756277135,0.843330080798209,0.899910796840922,0.8430166329648656,0.8448836844049855,0.8732951650568181,0.8716148329953729,0.835896076400734,0.8584436657407927,0.841370567449926,0.8794771714058486,2.324434167740834,2.5
EOGVerticalSignal,12,362,362,0.8582869852598813,0.8127324934137348,0.8337726947074083,0.884480094612206,0.7869956263404643,0.8464440796323464,0.8426648652521805,0.8970480679094214,0.7969806435254038,0.8493160790055969,0.8613705363670658,0.9135478297352825,0.8064502411335891,0.8444872181676627,0.8409681654461643,0.8881653678399113,0.7947274519973496,0.8759178821298945,0.8578029035924785,0.8928148953865168,0.7825358668049135,0.8586954033883131,0.8451326594884676,0.8941194673442339,0.8057690196714626,0.8534871132174237,0.8691307523425214,0.8999201257910513,0.8454955437406236,0.9043747085398596,0.849380750845501,0.9359825074013776,0.7937604104787238,0.8875111244000179,0.9178842509877799,0.9056909536265068,0.8050159747089829,0.8818364137572122,1.381352695120095,3.0
EOGVerticalSignal,12,362,362,0.867711432671028,0.8787375392654436,0.8435597699930961,0.8663157006211168,0.8999480681233502,0.8476759947476078,0.8533093282919385,0.8184844642111091,0.9056782123028089,0.8503303529351911,0.863946261919376,0.8202438451146264,0.8996319622950484,0.8629009365324376,0.8574745067129983,0.8137431341227286,0.9012063335380988,0.8672049237320525,0.8596287690491381,0.8462847736140876,0.9189425681619247,0.8687459949010491,0.8428338470846156,0.8114604913729373,0.9276272341514546,0.8402677248441731,0.8485895026041168,0.8777230284138418,0.8902087428146667,0.879786712595576,0.9125048358441737,0.8210494862777807,0.9076380076127726,0.8750123640137568,0.8474262731607332,0.84603628477191,0.9685155730547536,0.8662460117502464,2.3976287430944607,3.5
EOGVerticalSignal,12,362,362,0.896536395150937,0.8281815001941261,0.8599635835107029,0.8502515409387649,0.8817814825691744,0.7519039236388729,0.8955643182948904,0.8323459687483444,0.8904874108317917,0.7527011840998717,0.8882998769903742,0.8319264292109131,0.8997367019828585,0.7553756892662477,0.8846148205453497,0.820536882703181,0.8786454861552675,0.7563339276481718,0.9199350108450897,0.818878330876575,0.8912904902487424,0.7841538212867627,0.9325735918856166,0.8552900564100616,0.9242709512405086,0.7377298555068816,0.9121836181705257,0.8357535157894266,0.9200892056548744,0.800593082090996,0.8832985869394168,0.8487425481519486,0.9344863492493823,0.8174368516111157,0.8837773899479657,0.8985939012591748,0.8809340193683902,0.7611309405204199,2.1304801130909716,4.0
EOGVerticalSignal,12,362,362,0.8153320459417318,0.8384898753193568,0.802187881469777,0.8215214926673297,0.6974861744290327,0.7258436517922722,0.7855514551398358,0.856836876818364,0.6974415925350977,0.7330060275827841,0.7931916903295801,0.8677133081979255,0.7138504999735964,0.7370466515272398,0.7782537569519876,0.8630050895513226,0.6930244101336429,0.7195126393336903,0.7885380506874144,0.8740247084322018,0.7349453562796473,0.7500100611254302,0.7879794809879342,0.8584157747670033,0.7117807606688483,0.7458985343725434,0.7861049489741719,0.862393488560777,0.7231902059205884,0.7294522544852089,0.8480878721912516,0.9182774003827461,0.7615214384008744,0.7615016786200516,0.7826175688433632,0.8440882287133888,0.6746658196256514,0.7037363003568329,2.1116812709081705,4.5
PigArtPressure,52,105,208,0.8959033119185662,0.8798824704551566,0.860973489100366,0.8740885806358014,0.7434737090629403,0.7325510802447085,0.797254902492347,0.7662992078211048,0.7492994346360209,0.7415500262634314,0.797237853380076,0.7824649186954922,0.7412154145384419,0.7330306972605758,0.8052332945910723,0.7799759503806868,0.7703998070726521,0.7379800563147542,0.7921250860629522,0.7574797280568412,0.7459422941231156,0.7569241861240822,0.7745616286596816,0.7562295057664306,0.7350209357807502,0.7800997569445088,0.8235152233932342,0.7978377351709893,0.7832856342775915,0.7404171453885827,0.7814780830189673,0.8255529559807847,0.7693890741319128,0.7178201269796797,0.8369086595910541,0.7725353911242072,0.7669589152578888,0.7475276562267412,1.3723793495547774,1.0
PigArtPressure,52,105,208,0.8396134242643261,0.812199903200643,0.8561446389917362,0.8703625019275375,0.880705261305185,0.8185269699225612,0.7935875735454918,0.9025374783356617,0.8779450060323724,0.8255926847213103,0.8104837977457727,0.9144493082975139,0.8768491609125633,0.820304946786176,0.8081357392647396,0.9091222210630013,0.897358488194063,0.8450706136347528,0.7912290043053473,0.9284285828433074,0.9003655375876063,0.8198610589289189,0.823018372975307,0.9438133862593245,0.8900075666926748,0.8502550106531456,0.7862820224017764,0.9536729834823584,0.9290579246186234,0.8295255339191528,0.8381597211561622,0.8862947624882457,0.9386870513795798,0.8129254093436914,0.8241294826299392,0.9115796967030158,0.8677351036350789,0.81277027196536,2.464875071247178,1.5
PigArtPressure,52,105,208,0.8499611583214663,0.8224220687257422,0.8467613219212821,0.8478630451702249,0.7457713347555319,0.8187568110973282,0.676941492633173,0.6884089284176106,0.7445916040816521,0.8206814826394421,0.6859417025467742,0.7041633985530547,0.7557056981245325,0.8140894987489663,0.6684874865372166,0.6983689069886037,0.7684980781824816,0.8203170738078785,0.7110773280606496,0.7034128782235186,0.7475910917882725,0.8447341800975336,0.7185486568487096,0.6743829676357129,0.7863776773922833,0.8303954136415633,0.680649778233713,0.7163445201816824,0.777570013530042,0.8657346491639281,0.661785025754601,0.7120276366243591,0.8026686039526193,0.8426187905010867,0.7495333449891259,0.667360807534114,0.7836963977023605,0.8622182777266622,0.9794244141900539,2.0
PigArtPressure,52,105,208,0.8685457663125664,0.8312648456507159,0.8619371723450925,0.8636164934082697,0.8299321080561392,0.7627556212327902,0.8654839375707185,0.8324616942819275,0.834959820228045,0.7633101128930143,0.8678485972762044,0.8350770604733491,0.8309760154148875,0.762238831101646,0.862746534206393,0.8261443625605003,0.839811577830878,0.7797758198327389,0.8962079382279,0.8397820274077571,0.826560128933227,0.7641810645900676,0.8912862983416731,0.8649183019064278,0.8379886859183875,0.7564277097867651,0.9170901304770194,0.8598314829167695,0.8340600587659767,0.7870837924537282,0.8990992940990005,0.8204765451307942,0.8699646334679091,0.7489844002406496,0.9185792541704748,0.9088234085992017,0.8956935653279107,0.8012142250089314,0.6560069133511077,2.5
PigArtPressure,52,105,208,0.8170738120553962,0.8987115017190808,0.850992469875914,0.8130467988837721,0.697096878959555,0.8643882271883653,0.7232474599739737,0.8116916453758238,0.6998044713211962,0.8680839853833227,0.7225826191450698,0.8226399535942407,0.6981871214549777,0.8636863796862707,0.7384792676529977,0.8147655315838953,0.714875586467876,0.8803668241582274,0.7384292947997083,0.8098857141785464,0.7111990898489287,0.8608473810589918,0.7144414942973885,0.8337043444489057,0.6934817683643069,0.851791992045786,0.7313331852904548,0.8728676680655478,0.7018959186619844,0.847110255837514,0.7728039993794087,0.8540788268927373,0.7632726931678812,0.8838839461741134,0.7993293694953345,0.8331433532901341,0.7151588254606461,0.923809760245849,2.2512754281298504,3.0
PigArtPressure,52,105,208,0.8844239837927385,0.8590740927218186,0.8082291697077587,0.8419550557960904,0.8258527333214772,0.7997519042319365,0.7886838643824449,0.808975611462865,0.824695094516467,0.801681071435065,0.7910003328481567,0.80965282474038,0.8305270590620909,0.8044564851851257,0.8139208075354898,0.8310584805547633,0.8186769224172549,0.7964436216350903,0.8226665779846574,0.7958904924034903,0.8164453868799831,0.8223300474773445,0.7858468910336497,0.8227829514476956,0.8651927073622585,0.7932387010085553,0.8248796593770468,0.8110920781652078,0.8383395870108823,0.8360345401855805,0.7926024441017453,0.844835467404026,0.8302917743357152,0.8501745628484799,0.8532289219995353,0.7827790469202915,0.8380494564465335,0.8431946423175438,1.8730894852759605,3.5
PigArtPressure,52,105,208,0.8530822010627893,0.8084704807147002,0.8441031610953269,0.879626009741548,0.7826374713433915,0.8056517515769034,0.83044351942292,0.7487931239020039,0.7906904533273917,0.8153757009002462,0.8257108145883358,0.7584701569974103,0.7947423182226746,0.8110387575787902,0.8410934238240492,0.7610253542106928,0.7884817085744413,0.8115187982158792,0.8475129453879209,0.7474985333624315,0.7772855442130991,0.8404454482482606,0.8152187051056445,0.7414628016540237,0.7982088021586897,0.8043895144774339,0.8803672907732234,0.7660004177454127,0.8033641913814646,0.8600376863286172,0.882040427568444,0.7971446974497789,0.7924589337598151,0.8356613837436552,0.805944091247774,0.7907759508975418,0.8067110603209805,0.8255695434001996,0.5821320691256409,4.0
PigArtPressure,52,105,208,0.8276280390266095,0.8122901977527768,0.8262002602988544,0.8127956742629721,0.7027838025894955,0.704738740382106,0.8171340515031513,0.7517507551621115,0.7024539283727003,0.7050685167923013,0.8144629610908077,0.7581312867989163,0.7071047522485304,0.7221352526762277,0.8285819205072129,0.7535907396800835,0.7238961972200069,0.7300406207953569,0.8475392657382835,0.752605789077782,0.7410371365309197,0.7060914887062023,0.8293010538310273,0.7433294079235933,0.7193516533725626,0.717850674247869,0.8415209633936955,0.7920789167211434,0.7440433908664409,0.7265580190601565,0.8109933649743787,0.7442904245180496,0.6920998282243579,0.7016853697766676,0.896442469470666,0.7653326451642967,0.7106308881260464,0.7378593755983461,2.3027523792600295,4.5
BeetleFly,2,20,20,0.9000000357627869,0.898989898989899,0.9,0.9,0.95,0.949874686716792,0.949999988079071,0.949874686716792,0.9,0.898989898989899,0.9000000357627869,0.898989898989899,0.9,0.898989898989899,0.8500000238418579,0.8465473145780051,0.9,0.898989898989899,0.949999988079071,0.949874686716792,0.95,0.949874686716792,0.949999988079071,0.949874686716792,0.95,0.949874686716792,0.949999988079071,0.949874686716792,0.9,0.898989898989899,1.0,1.0,0.95,0.949874686716792,0.949999988079071,0.949874686716792,0.9,0.898989898989899,63.176419496536255,1.0
BeetleFly,2,20,20,0.9000000357627869,0.898989898989899,0.9,0.9,0.9,0.898989898989899,0.949999988079071,0.949874686716792,0.9,0.898989898989899,1.0,1.0,0.9,0.898989898989899,1.0,1.0,0.9,0.898989898989899,1.0,1.0,0.95,0.949874686716792,0.949999988079071,0.949874686716792,0.9,0.898989898989899,1.0,1.0,0.9,0.898989898989899,0.9000000357627869,0.9,0.9,0.898989898989899,0.949999988079071,0.949874686716792,0.9,0.898989898989899,59.146912574768066,1.5
BeetleFly,2,20,20,0.949999988079071,0.949874686716792,0.9,0.9,0.95,0.949874686716792,0.949999988079071,0.949874686716792,0.95,0.949874686716792,0.949999988079071,0.949874686716792,0.9,0.898989898989899,1.0,1.0,0.95,0.949874686716792,1.0,1.0,0.9,0.898989898989899,1.0,1.0,0.95,0.949874686716792,0.949999988079071,0.949874686716792,0.9,0.898989898989899,1.0,1.0,0.95,0.949874686716792,0.9000000357627869,0.898989898989899,0.95,0.949874686716792,56.9032142162323,2.0
BeetleFly,2,20,20,0.949999988079071,0.949874686716792,0.9,0.9,0.9,0.898989898989899,1.0,1.0,0.95,0.949874686716792,1.0,1.0,0.95,0.949874686716792,0.9000000357627869,0.898989898989899,0.9,0.898989898989899,1.0,1.0,0.9,0.898989898989899,1.0,1.0,0.9,0.898989898989899,0.949999988079071,0.949874686716792,0.9,0.898989898989899,0.9000000357627869,0.898989898989899,0.95,0.949874686716792,0.949999988079071,0.949874686716792,0.95,0.949874686716792,48.052809953689575,2.5
BeetleFly,2,20,20,0.949999988079071,0.949874686716792,0.9,0.898989898989899,0.9,0.898989898989899,1.0,1.0,0.9,0.898989898989899,1.0,1.0,0.95,0.949874686716792,1.0,1.0,0.9,0.898989898989899,0.949999988079071,0.949874686716792,0.9,0.898989898989899,1.0,1.0,0.95,0.949874686716792,0.949999988079071,0.949874686716792,0.9,0.898989898989899,0.949999988079071,0.949874686716792,0.95,0.949874686716792,0.9000000357627869,0.9,0.95,0.949874686716792,63.71546936035156,3.0
BeetleFly,2,20,20,0.949999988079071,0.949874686716792,0.9,0.898989898989899,0.85,0.846547314578005,0.949999988079071,0.949874686716792,0.9,0.9,0.949999988079071,0.949874686716792,0.9,0.898989898989899,0.9000000357627869,0.9,0.9,0.898989898989899,1.0,1.0,0.95,0.949874686716792,0.949999988079071,0.949874686716792,0.95,0.949874686716792,0.949999988079071,0.949874686716792,0.95,0.949874686716792,0.9000000357627869,0.898989898989899,0.95,0.949874686716792,0.949999988079071,0.949874686716792,0.95,0.949874686716792,50.680826902389526,3.5
BeetleFly,2,20,20,0.949999988079071,0.949874686716792,0.85,0.846547314578005,0.85,0.846547314578005,0.949999988079071,0.949874686716792,0.85,0.846547314578005,0.949999988079071,0.949874686716792,0.9,0.898989898989899,0.9000000357627869,0.898989898989899,0.9,0.898989898989899,0.949999988079071,0.949874686716792,0.9,0.898989898989899,0.949999988079071,0.949874686716792,0.95,0.949874686716792,1.0,1.0,0.9,0.898989898989899,0.949999988079071,0.949874686716792,0.9,0.898989898989899,1.0,1.0,0.95,0.949874686716792,59.078214168548584,4.0
BeetleFly,2,20,20,0.949999988079071,0.949874686716792,0.85,0.846547314578005,0.9,0.898989898989899,0.9000000357627869,0.9,0.9,0.9,1.0,1.0,0.9,0.898989898989899,0.9000000357627869,0.9,0.95,0.949874686716792,0.949999988079071,0.949874686716792,0.95,0.949874686716792,0.949999988079071,0.949874686716792,0.95,0.949874686716792,0.9000000357627869,0.9,0.95,0.949874686716792,0.949999988079071,0.949874686716792,0.95,0.949874686716792,0.949999988079071,0.949874686716792,0.95,0.949874686716792,49.741191148757935,4.5
Worms,5,181,77,0.44155845046043396,0.1488888888888889,0.6623376623376623,0.6102242070621517,0.7012987012987013,0.6998941869237812,0.5194805264472961,0.37733333333333335,0.6883116883116883,0.6832371262215163,0.48051947355270386,0.24807692307692308,0.6363636363636364,0.6345771453426955,0.4935064911842346,0.4132917082917083,0.6623376623376623,0.6100966373693647,0.48051947355270386,0.2446886446886447,0.6103896103896104,0.5174891774891776,0.4675324559211731,0.2988095238095238,0.6233766233766234,0.5429653194991305,0.4285714328289032,0.12,0.5714285714285714,0.44186546314205893,0.4935064911842346,0.35667639257294426,0.5584415584415584,0.4256259204712813,0.4285714328289032,0.12,0.5844155844155844,0.4905174190888477,381.96545362472534,1.0
Worms,5,181,77,0.44155845046043396,0.1488888888888889,0.6753246753246753,0.6589679103964818,0.6753246753246753,0.6609664477399031,0.5324675440788269,0.47709638032218676,0.6493506493506493,0.6285644938276518,0.5194805264472961,0.4114237790606959,0.6233766233766234,0.5674225774225774,0.5324675440788269,0.451887543350958,0.6363636363636364,0.5965298338025612,0.5064935088157654,0.4424166678143349,0.5844155844155844,0.46707678286625653,0.4675324559211731,0.20324074074074075,0.5714285714285714,0.43578643578643583,0.4935064911842346,0.3615184815184816,0.5974025974025974,0.5050488837005691,0.4935064911842346,0.3273006563329144,0.5844155844155844,0.46610692175208307,0.4675324559211731,0.24674375332270068,0.6233766233766234,0.558470891051354,303.46622490882874,1.5
Worms,5,181,77,0.4285714328289032,0.12,0.6623376623376623,0.6177016261049875,0.6753246753246753,0.6209356054145412,0.5454545617103577,0.5029819563152895,0.5714285714285714,0.45679653679653676,0.4935064911842346,0.38582037371910793,0.5844155844155844,0.46707678286625653,0.4675324559211731,0.35038961038961036,0.5844155844155844,0.4643762856528814,0.4545454680919647,0.37927810393563816,0.5714285714285714,0.4554589445900196,0.4675324559211731,0.4100976112257337,0.5714285714285714,0.4583971291866028,0.5714285969734192,0.4591829243282114,0.6103896103896104,0.5237270665842094,0.5324675440788269,0.427982905982906,0.6103896103896104,0.5376160784112423,0.5324675440788269,0.40156510156510156,0.5974025974025974,0.5320385320385321,387.6963436603546,2.0
Worms,5,181,77,0.4285714328289032,0.12,0.6623376623376623,0.6084313290195643,0.6493506493506493,0.588535322301556,0.5064935088157654,0.4334269005847953,0.6883116883116883,0.6450966061355672,0.5194805264472961,0.41932636469221835,0.6103896103896104,0.5141401455687171,0.5714285969734192,0.5627245657568238,0.6363636363636364,0.596317736914482,0.5194805264472961,0.4739879342625338,0.6493506493506493,0.5808163265306122,0.4935064911842346,0.42649425896484716,0.5844155844155844,0.46874136501796076,0.4935064911842346,0.34845920037409395,0.5844155844155844,0.4643762856528814,0.4935064911842346,0.38309840565938125,0.5714285714285714,0.45679653679653676,0.4675324559211731,0.29603174603174603,0.5974025974025974,0.5160275019098548,382.6052167415619,2.5
Worms,5,181,77,0.4545454680919647,0.18017391304347824,0.6753246753246753,0.632656627346571,0.6753246753246753,0.6262677798392084,0.5454545617103577,0.45693571806829636,0.6493506493506493,0.6045212938193375,0.4935064911842346,0.42443291475549544,0.5974025974025974,0.5508813160987074,0.48051947355270386,0.31892439322507415,0.6623376623376623,0.6127778714791702,0.5194805264472961,0.4236231884057971,0.5714285714285714,0.48252319109461966,0.4935064911842346,0.4342589118198874,0.5974025974025974,0.5050488837005691,0.48051947355270386,0.25031578947368416,0.5974025974025974,0.5017316017316017,0.4675324559211731,0.22341057635175282,0.5584415584415584,0.42845481049562684,0.4545454680919647,0.1980769230769231,0.5714285714285714,0.43578643578643583,363.28908348083496,3.0
Worms,5,181,77,0.4545454680919647,0.18017391304347824,0.7142857142857143,0.7097263495592988,0.6103896103896104,0.5875911469805636,0.5324675440788269,0.479501443482123,0.6233766233766234,0.566125541125541,0.5324675440788269,0.410224558050645,0.6623376623376623,0.6139185297626856,0.5064935088157654,0.44112070717333884,0.6103896103896104,0.5320214520550938,0.4285714328289032,0.12,0.5844155844155844,0.4643762856528814,0.4675324559211731,0.421583850931677,0.5844155844155844,0.4930061912405412,0.48051947355270386,0.24674329501915712,0.5714285714285714,0.4583971291866028,0.5584415793418884,0.44848659003831415,0.5584415584415584,0.42845481049562684,0.5064935088157654,0.4191089204553097,0.5714285714285714,0.4727629424258638,334.7388846874237,3.5
Worms,5,181,77,0.48051947355270386,0.2902325581395349,0.6493506493506493,0.6036963719807191,0.6493506493506493,0.6075645134086692,0.5324675440788269,0.4653246753246753,0.6623376623376623,0.6137970200110592,0.5194805264472961,0.5068571428571429,0.5974025974025974,0.5201484230055659,0.5064935088157654,0.33517786561264823,0.5714285714285714,0.43578643578643583,0.4935064911842346,0.3728845436710605,0.6103896103896104,0.5231624515835043,0.4935064911842346,0.33442028985507244,0.5844155844155844,0.49950310559006206,0.5064935088157654,0.4057143557860917,0.5974025974025974,0.5185553772070626,0.5194805264472961,0.3152047952047952,0.6103896103896104,0.537019851184756,0.5064935088157654,0.30334016860332647,0.5714285714285714,0.4583971291866028,347.08653378486633,4.0
Worms,5,181,77,0.48051947355270386,0.2902325581395349,0.6753246753246753,0.6302249220874898,0.7142857142857143,0.7083757501607401,0.48051947355270386,0.3901162724096454,0.6493506493506493,0.6024615406512741,0.44155845046043396,0.1488888888888889,0.6623376623376623,0.6107572123790053,0.5194805264472961,0.3897685389945452,0.5844155844155844,0.4643762856528814,0.44155845046043396,0.19353383458646617,0.5844155844155844,0.5004149873115391,0.4675324559211731,0.4310055535861988,0.5714285714285714,0.43578643578643583,0.4675324559211731,0.21388888888888888,0.5714285714285714,0.4557543520309478,0.48051947355270386,0.3571716410884097,0.5844155844155844,0.4629126929878809,0.5844155550003052,0.5232730923694778,0.5974025974025974,0.5111245343803484,338.48694348335266,4.5
Car,4,60,60,0.8666667342185974,0.867009867009867,0.6333333333333333,0.5638157894736843,0.6,0.6069885669885671,0.8666667342185974,0.862882882882883,0.5833333333333334,0.5943182678476797,0.8666667342185974,0.8677126798723894,0.5833333333333334,0.5606060606060607,0.8666667342185974,0.8700854700854701,0.6,0.59973217596271,0.8500000238418579,0.8536307243203796,0.5166666666666667,0.47531098460889737,0.8166667222976685,0.8153744403744403,0.6333333333333333,0.6250829562594269,0.8833333849906921,0.8855283855283855,0.6,0.6012512512512512,0.8500000238418579,0.8545338441890166,0.5833333333333334,0.5555555555555556,0.8166667222976685,0.8216931216931217,0.5,0.5007922360863538,219.1271665096283,1.0
Car,4,60,60,0.8666667342185974,0.867009867009867,0.6,0.5349382716049382,0.5666666666666667,0.5789934863523574,0.8500000238418579,0.8386574074074074,0.5666666666666667,0.5231481481481481,0.8666667342185974,0.8677126798723894,0.6333333333333333,0.6429703769815973,0.8833333849906921,0.883329858939615,0.5333333333333333,0.5290123456790123,0.8500000238418579,0.8574213311055416,0.5333333333333333,0.5356018518518518,0.8000000715255737,0.7959328028293545,0.4666666666666667,0.4508031646401765,0.8500000238418579,0.8569023569023568,0.5,0.4810774410774411,0.8000000715255737,0.8080139693042918,0.5,0.471426523297491,0.8666667342185974,0.863794100636206,0.45,0.4358080808080808,214.01158928871155,1.5
Car,4,60,60,0.8500000238418579,0.8527093596059114,0.6,0.5490465337132004,0.6,0.609614849833148,0.8666667342185974,0.8615502505157677,0.65,0.6570809591642924,0.8500000238418579,0.8525653952151231,0.5833333333333334,0.5686690796368216,0.8666667342185974,0.874074074074074,0.6,0.5566666666666666,0.8333333730697632,0.8369186856028962,0.55,0.5403306342780028,0.8500000238418579,0.8530812324929973,0.6333333333333333,0.6113582018173123,0.8666667342185974,0.8645735081431176,0.55,0.48627075351213284,0.8333333730697632,0.8407443665410033,0.5,0.43358536585365853,0.8000000715255737,0.8030285166320821,0.5333333333333333,0.4995171105970545,192.3211305141449,2.0
Car,4,60,60,0.8500000238418579,0.8527093596059114,0.5666666666666667,0.5141891891891892,0.6166666666666667,0.6211015325670498,0.8666667342185974,0.8738393565979772,0.6,0.5984290271132376,0.8166667222976685,0.8183389191453708,0.55,0.530976430976431,0.8166667222976685,0.8278431372549019,0.5666666666666667,0.5553912324234904,0.8500000238418579,0.8511904761904763,0.5666666666666667,0.5659486260454003,0.8666667342185974,0.8610823556475731,0.55,0.4766273849607183,0.8833333849906921,0.8802706552706552,0.5833333333333334,0.5638370412267472,0.8333333730697632,0.8314458689458689,0.5333333333333333,0.5175910364145658,0.8500000238418579,0.8471153846153847,0.5333333333333333,0.5196212121212122,184.68554878234863,2.5
Car,4,60,60,0.8666667342185974,0.8690844690844691,0.65,0.566969696969697,0.5666666666666667,0.5198004201680672,0.8666667342185974,0.867250698974837,0.6,0.5846911196911196,0.8500000238418579,0.8515122265122265,0.6,0.5773008052494719,0.8333333730697632,0.8406442156442157,0.6166666666666667,0.6126845376845377,0.8500000238418579,0.8532763532763532,0.5666666666666667,0.5185535535535536,0.8000000715255737,0.8080267767767768,0.5166666666666667,0.47937710437710435,0.8833333849906921,0.8824242830340392,0.5666666666666667,0.5575837742504409,0.8333333730697632,0.8433849715099715,0.5666666666666667,0.5545512597236735,0.8166667222976685,0.8194581280788178,0.5333333333333333,0.5034122425222126,197.79845547676086,3.0
Car,4,60,60,0.8666667342185974,0.8690844690844691,0.5833333333333334,0.5263334962528511,0.6333333333333333,0.6333333333333333,0.8333333730697632,0.8347758284600388,0.6166666666666667,0.6033333333333334,0.8833333849906921,0.883329858939615,0.65,0.6461437908496731,0.9000000357627869,0.9031339031339032,0.6,0.6029743489261061,0.8500000238418579,0.8566951566951566,0.5833333333333334,0.5780779569892474,0.8333333730697632,0.8393121693121693,0.65,0.6367550505050504,0.8333333730697632,0.8419239726541958,0.6,0.6021224260313445,0.8333333730697632,0.838028583718239,0.5166666666666667,0.5108465608465608,0.8833333849906921,0.8866406193992402,0.6166666666666667,0.6018464912280701,209.1714382171631,3.5
Car,4,60,60,0.8833333849906921,0.8817334575955267,0.5666666666666667,0.5224001452432824,0.5666666666666667,0.505017325017325,0.8500000238418579,0.8507379560011139,0.6166666666666667,0.6191958859280037,0.8500000238418579,0.8501684708581261,0.6,0.5934818449070395,0.8000000715255737,0.8026725113122173,0.5166666666666667,0.5090366721401204,0.8666667342185974,0.8625730994152048,0.55,0.49937845408433645,0.8666667342185974,0.872014872014872,0.5,0.4425925925925926,0.8833333849906921,0.8795866489832007,0.5333333333333333,0.5226666457181163,0.8833333849906921,0.8778221415607985,0.6166666666666667,0.5836337513061651,0.8333333730697632,0.8360390751282591,0.5333333333333333,0.4722402890695573,197.2991304397583,4.0
Car,4,60,60,0.8833333849906921,0.8817334575955267,0.5333333333333333,0.5068475073313784,0.6,0.5921411290322581,0.8333333730697632,0.8333333333333334,0.6,0.5940570175438596,0.8500000238418579,0.8546003898635477,0.5833333333333334,0.5796795277250685,0.8500000238418579,0.8520607073238652,0.65,0.6551638755980862,0.8333333730697632,0.8438207013574661,0.65,0.646880020564231,0.8333333730697632,0.829522792022792,0.6,0.5444226579520699,0.8333333730697632,0.82997282997283,0.6166666666666667,0.5947779080206923,0.8833333849906921,0.8825216450216451,0.5166666666666667,0.47484864543688077,0.7333333492279053,0.7426739926739926,0.6,0.5939352563008476,216.48004364967346,4.5
UMD,3,36,144,0.8888888955116272,0.8895607905062036,0.7916666666666666,0.7911515508898961,0.7361111111111112,0.7376197952441697,0.875,0.8748873378188602,0.7083333333333334,0.6976138750446457,0.8125,0.8136540275419732,0.6944444444444444,0.6941015447919937,0.819444477558136,0.8101665482674244,0.7291666666666666,0.7309954413402688,0.8472222089767456,0.8484362859362861,0.7083333333333334,0.7001662062304876,0.819444477558136,0.8201963491333025,0.6944444444444444,0.6944954157440466,0.756944477558136,0.7536913674584609,0.6875,0.6806327598159702,0.7222222089767456,0.7234166393830259,0.6527777777777778,0.6420317395927152,0.6805555820465088,0.6748149178528925,0.6527777777777778,0.6416831830009843,70.80569458007812,1.0
UMD,3,36,144,0.8888888955116272,0.8895607905062036,0.7986111111111112,0.797875554456941,0.7361111111111112,0.7354497354497355,0.875,0.8742903266764616,0.7430555555555556,0.7399753428879641,0.8680555820465088,0.870136153155021,0.6944444444444444,0.6883576890844333,0.9097222089767456,0.9115451987331967,0.7430555555555556,0.7414233665445279,0.8402777910232544,0.8423822359132332,0.6805555555555556,0.6713974877189458,0.8888888955116272,0.8899981135634786,0.7638888888888888,0.7685930764369866,0.8402777910232544,0.8442778836037262,0.75,0.7488280551082482,0.8541666865348816,0.8555719185968994,0.7013888888888888,0.6904888322537255,0.7777777910232544,0.7735800384597346,0.7013888888888888,0.6960339821677894,62.566591024398804,1.5
UMD,3,36,144,0.8958333134651184,0.8974995497867471,0.7916666666666666,0.792920353982301,0.7569444444444444,0.7597395100899162,0.8611111044883728,0.8648921153458359,0.7222222222222222,0.7177495697945138,0.875,0.8764216139739892,0.7083333333333334,0.7067363530778166,0.7986111044883728,0.7979949874686717,0.7291666666666666,0.7312226519768714,0.8680555820465088,0.8682650569723277,0.7291666666666666,0.7291648645865513,0.8541666865348816,0.8576590745265444,0.7013888888888888,0.6936342592592593,0.9027777910232544,0.9026129509502674,0.7152777777777778,0.7132037737489674,0.8055555820465088,0.8075585183775754,0.7013888888888888,0.7029210509150435,0.8125,0.8155633006094668,0.6805555555555556,0.6777097528060301,66.33110404014587,2.0
UMD,3,36,144,0.8958333134651184,0.8974995497867471,0.7916666666666666,0.792920353982301,0.7777777777777778,0.7807269727728581,0.8263888955116272,0.8293292096439067,0.7916666666666666,0.7926584443438376,0.7986111044883728,0.8008466305567755,0.6875,0.6780008924587237,0.7986111044883728,0.7985752325621607,0.7013888888888888,0.7001076953988347,0.7638888955116272,0.7662303774453307,0.7083333333333334,0.6874308490962066,0.7708333134651184,0.7716125580273708,0.7013888888888888,0.6940257296714597,0.7222222089767456,0.7211996066863323,0.7083333333333334,0.7091260718846926,0.7777777910232544,0.7810916179337232,0.6666666666666666,0.6591879265368923,0.7222222089767456,0.7186879676286456,0.6805555555555556,0.6727760196905767,75.82637405395508,2.5
UMD,3,36,144,0.8611111044883728,0.8603494918476273,0.8055555555555556,0.8064257028112451,0.7986111111111112,0.799090978404124,0.819444477558136,0.8222738735454076,0.75,0.7486278540946328,0.8611111044883728,0.8613077740515326,0.7569444444444444,0.7579458967305929,0.9027777910232544,0.9046927914852443,0.7638888888888888,0.7625345033576402,0.8541666865348816,0.8550732892838157,0.8125,0.8144193410433026,0.8472222089767456,0.8473474303904037,0.75,0.747441413427113,0.819444477558136,0.8196605721713325,0.7430555555555556,0.7401292728090113,0.8611111044883728,0.8630575417092271,0.7430555555555556,0.741007148565882,0.7916666865348816,0.7910718849257056,0.7916666666666666,0.786531868474365,76.64984369277954,3.0
UMD,3,36,144,0.8611111044883728,0.8603494918476273,0.8055555555555556,0.8064094454986296,0.7430555555555556,0.7378815460818763,0.9166666865348816,0.9173849546768782,0.7152777777777778,0.7105642649627303,0.819444477558136,0.8139396109320921,0.7083333333333334,0.709162073648055,0.8472222089767456,0.8491345548718924,0.7291666666666666,0.7207366049564111,0.7708333134651184,0.7679252479023645,0.6666666666666666,0.658132649080016,0.8055555820465088,0.8065733321052471,0.6597222222222222,0.6302167678812416,0.756944477558136,0.7617663746696005,0.6388888888888888,0.628478198508319,0.75,0.7383137330505751,0.6597222222222222,0.6481650980201126,0.8125,0.8098924731182796,0.6319444444444444,0.6157451577241682,66.59029221534729,3.5
UMD,3,36,144,0.819444477558136,0.8208654198753208,0.75,0.7429787930893311,0.7430555555555556,0.7388622087873691,0.9236111044883728,0.9233031179188537,0.7430555555555556,0.7411680911680911,0.819444477558136,0.8222222222222223,0.7222222222222222,0.714041964041964,0.7916666865348816,0.7909245688059813,0.7152777777777778,0.6890431177446104,0.8541666865348816,0.8539976965508881,0.7430555555555556,0.7410312273057371,0.8263888955116272,0.828628286169578,0.7361111111111112,0.6961838498840396,0.8125,0.8163303784478814,0.7708333333333334,0.7646902065289807,0.8402777910232544,0.8429269212285849,0.75,0.7340892660465883,0.819444477558136,0.8217596959343799,0.6736111111111112,0.6713742720647209,76.82023811340332,4.0
UMD,3,36,144,0.819444477558136,0.8208654198753208,0.75,0.7429787930893311,0.7916666666666666,0.7864464861186173,0.8611111044883728,0.8643228472149751,0.7569444444444444,0.7562403619326155,0.8472222089767456,0.8470443141795726,0.7569444444444444,0.730109374573821,0.7916666865348816,0.7953773322194374,0.7569444444444444,0.7524260545655895,0.7777777910232544,0.77578319845269,0.6805555555555556,0.672579185520362,0.7638888955116272,0.763534710903132,0.6527777777777778,0.642672858617131,0.8125,0.8148385830454311,0.6597222222222222,0.6501010101010101,0.7638888955116272,0.7676503101932165,0.625,0.6096152150639209,0.7777777910232544,0.7813081072838429,0.6458333333333334,0.6366674842856117,64.42534351348877,4.5
Ham,2,109,105,0.7523809671401978,0.7512755102040817,0.6571428571428571,0.6562682215743441,0.638095238095238,0.6020358868184955,0.7809523940086365,0.7808728790490881,0.6571428571428571,0.6571428571428571,0.7523809671401978,0.7496331621423331,0.6571428571428571,0.6514285714285714,0.723809540271759,0.7221968798467293,0.6476190476190476,0.6472993117036308,0.723809540271759,0.7238095238095238,0.6952380952380952,0.6941298701298702,0.7142857313156128,0.7098378776713339,0.6857142857142857,0.679643951554064,0.7523809671401978,0.7523584905660378,0.6857142857142857,0.6812448056145535,0.7333333492279053,0.711311861743912,0.6952380952380952,0.693734335839599,0.7047619223594666,0.704654750022684,0.6952380952380952,0.693734335839599,219.0686595439911,1.0
Ham,2,109,105,0.7523809671401978,0.7512755102040817,0.6571428571428571,0.6562682215743441,0.6666666666666666,0.6474055464296068,0.7523809671401978,0.7399009146341464,0.6571428571428571,0.6355644355644355,0.7428571581840515,0.742763814535886,0.6857142857142857,0.6845673622062638,0.7428571581840515,0.7413557157193686,0.7047619047619048,0.7005633022439746,0.7428571581840515,0.7424834226541921,0.7047619047619048,0.7023915961786594,0.7428571581840515,0.7405034324942792,0.7238095238095238,0.7233571233571234,0.7333333492279053,0.7303741746148202,0.6571428571428571,0.6537593984962405,0.761904776096344,0.7615587246798075,0.6571428571428571,0.6437037830886293,0.7714285850524902,0.768892149669846,0.7047619047619048,0.6943329728863791,271.2809600830078,1.5
Ham,2,109,105,0.7428571581840515,0.7428571428571429,0.6857142857142857,0.6856000934300508,0.6571428571428571,0.6462848626783053,0.7714285850524902,0.767870302137067,0.6571428571428571,0.6537593984962405,0.7428571581840515,0.7331764705882353,0.6571428571428571,0.6570184532448682,0.8095238208770752,0.8065585851142225,0.6761904761904762,0.6680952380952382,0.7333333492279053,0.7333091436865021,0.6857142857142857,0.6831910539966375,0.7428571581840515,0.7428571428571429,0.7142857142857143,0.714025974025974,0.7714285850524902,0.767870302137067,0.6761904761904762,0.6758961038961039,0.7523809671401978,0.7512755102040817,0.6761904761904762,0.6762492224756375,0.7047619223594666,0.704654750022684,0.6476190476190476,0.6376716235756072,233.78608894348145,2.0
Ham,2,109,105,0.7428571581840515,0.7428571428571429,0.6857142857142857,0.6856000934300508,0.6761904761904762,0.6745927318295739,0.7428571581840515,0.742014742014742,0.6952380952380952,0.693734335839599,0.761904776096344,0.7611247611247611,0.6952380952380952,0.6865502089808165,0.761904776096344,0.7619047619047619,0.7142857142857143,0.712875939849624,0.7809523940086365,0.7806340267054228,0.6857142857142857,0.6675538009193435,0.761904776096344,0.7597254004576659,0.6666666666666666,0.665450232643007,0.7523809671401978,0.7496331621423331,0.6666666666666666,0.6582562377347911,0.8190476298332214,0.8184548184548184,0.6666666666666666,0.6639905118146154,0.7714285850524902,0.7697368421052632,0.6761904761904762,0.6716172308982288,292.7119126319885,2.5
Ham,2,109,105,0.7809523940086365,0.7769877181641888,0.6761904761904762,0.669012135405578,0.7047619047619048,0.7028702190258254,0.761904776096344,0.7509723935110522,0.6857142857142857,0.6851994851994853,0.7333333492279053,0.7277777777777779,0.6761904761904762,0.6723128750394778,0.7714285850524902,0.7714078374455733,0.7238095238095238,0.7224523224523225,0.7809523940086365,0.7806340267054228,0.6857142857142857,0.6819745014710691,0.7523809671401978,0.7512755102040817,0.7238095238095238,0.7184749877293289,0.723809540271759,0.722904722904723,0.6952380952380952,0.6915885882724497,0.7714285850524902,0.768892149669846,0.7333333333333333,0.7328976034858388,0.7523809671401978,0.7518181818181818,0.7142857142857143,0.714025974025974,272.7506172657013,3.0
Ham,2,109,105,0.7809523940086365,0.7769877181641888,0.6761904761904762,0.669012135405578,0.7047619047619048,0.7036844917695205,0.761904776096344,0.7618183467924871,0.6666666666666666,0.663358147229115,0.7523809671401978,0.7518181818181818,0.6952380952380952,0.693734335839599,0.7523809671401978,0.7523584905660378,0.6952380952380952,0.6843537414965987,0.8095238208770752,0.8086734693877551,0.6952380952380952,0.6909338643748034,0.7523809671401978,0.7496331621423331,0.7047619047619048,0.7044940179138529,0.761904776096344,0.7611247611247611,0.7047619047619048,0.7028702190258254,0.7904762029647827,0.7903050108932461,0.7142857142857143,0.7102504978513783,0.7523809671401978,0.7518181818181818,0.6761904761904762,0.6762492224756375,239.74417161941528,3.5
Ham,2,109,105,0.7714285850524902,0.770909090909091,0.6666666666666666,0.6663642137737048,0.6857142857142857,0.6805151837409902,0.7333333492279053,0.7321428571428572,0.6761904761904762,0.6753644314868804,0.7333333492279053,0.7277777777777779,0.7238095238095238,0.7220398823144819,0.7047619223594666,0.7008547008547008,0.7238095238095238,0.7220398823144819,0.7904762029647827,0.7904571843251089,0.7333333333333333,0.7257314328582145,0.7523809671401978,0.7523584905660378,0.7238095238095238,0.7149714285714286,0.7333333492279053,0.733115468409586,0.7238095238095238,0.7168408826945414,0.723809540271759,0.7154471544715447,0.7428571428571429,0.7424359424359425,0.7047619223594666,0.6977435230754945,0.6952380952380952,0.693734335839599,295.67452239990234,4.0
Ham,2,109,105,0.7714285850524902,0.770909090909091,0.6761904761904762,0.6758961038961039,0.6476190476190476,0.6336454931085422,0.7809523940086365,0.7802347802347802,0.6571428571428571,0.6462848626783053,0.7333333492279053,0.7277777777777779,0.6476190476190476,0.6441214699279216,0.7714285850524902,0.7712418300653594,0.6666666666666666,0.652235294117647,0.761904776096344,0.7611247611247611,0.6952380952380952,0.6909338643748034,0.7142857313156128,0.7098378776713339,0.7238095238095238,0.7192406160148096,0.7333333492279053,0.7333091436865021,0.7047619047619048,0.7036844917695205,0.761904776096344,0.7562447766737859,0.7428571428571429,0.7386033321517194,0.761904776096344,0.7618183467924871,0.7619047619047619,0.759541533735082,287.38067388534546,4.5
SemgHandMovementCh2,6,450,450,0.8322404511946792,0.8210861240644369,0.8298049849494388,0.8544952220969357,0.8638239808561251,0.861935957801671,0.8026812132504476,0.8815650872467118,0.8683406431790512,0.8656546916969334,0.8052502290486676,0.8928224821644082,0.8702993986566158,0.8675163132017979,0.7977345328567239,0.8746610465380176,0.8553081574874168,0.8654022693840557,0.8169981829462436,0.8877767398176004,0.8748420026811006,0.8696737509956285,0.799309970129528,0.8690706589030218,0.8885597996130038,0.886215721713802,0.8128633820917842,0.886648715446126,0.8865988333628423,0.8835305564403846,0.8008945087711414,0.9169336903933972,0.8506925778476229,0.8836153410788203,0.796594756642913,0.8812092487147725,0.8456149270596397,0.8579414044183841,1.0888741486797884,1.0
SemgHandMovementCh2,6,450,450,0.8215564253554295,0.8254881445980875,0.8444333479274709,0.8658538626030029,0.8300762279223987,0.8127934812229319,0.8116422442529234,0.8400752695723859,0.8275387594259868,0.8168726438418805,0.8122811672599355,0.8331245817851104,0.8249640343769615,0.8119683717681544,0.8284295432622706,0.8456826735354513,0.8221812918245066,0.8040664556137325,0.8286434941695904,0.8484241794923923,0.835701426863355,0.8121061679154893,0.7995694380172954,0.8236217398905918,0.8506883601193401,0.804705034128413,0.8014922579722702,0.8368423008950991,0.857924194281678,0.8017411431334183,0.8226918279959793,0.8540983315956077,0.8142676659734567,0.8209693007431317,0.8497120484898908,0.8602732037453062,0.8505194478674631,0.7943783600502763,0.7801342325707348,1.5
SemgHandMovementCh2,6,450,450,0.8450071522776211,0.8121768438282819,0.8348178983129653,0.8213530125209599,0.8154582123283504,0.842580363268648,0.8734853011632587,0.873272973586739,0.8163360778564117,0.8463481819748354,0.870919918290985,0.8779717315904092,0.8203740261571945,0.8523538806739321,0.8736799707225009,0.8778490687677808,0.8211936052277888,0.8549380706089948,0.8757076230186016,0.8883167773962554,0.8081922773221974,0.855678331618305,0.8900600319797484,0.8887448235965717,0.8059708372390779,0.8554500837278871,0.9011159204585842,0.8947037637077959,0.8074321885413039,0.857935503149829,0.8908015273080807,0.8886331977844957,0.8465850682164567,0.8674032683429869,0.8715879494843449,0.8782336882275634,0.8272515072397884,0.866179543739475,1.3710477899975975,2.0
SemgHandMovementCh2,6,450,450,0.8206370593948071,0.8361130842650738,0.8718123146345125,0.8619904036637741,0.8412804492177927,0.8784840144050263,0.801757977034302,0.8427560926801678,0.8453131149392695,0.8781359596031174,0.8046011861056306,0.8381005441393771,0.8474888128763872,0.8840198206970711,0.7980907584949346,0.8531292782737416,0.8467309839176329,0.8932302978841103,0.7931113182161587,0.8299741614735696,0.8345163936781627,0.8883513352215697,0.813412203428496,0.8369149593271369,0.8405582224411235,0.863862278734511,0.8229085401467389,0.8409727446535339,0.860694945203659,0.8715746023856419,0.8211295797203132,0.8678902663301118,0.8438199211230745,0.8729694746493437,0.7907306736955196,0.854420401172268,0.8406026242737543,0.880133081672742,0.9579265437901727,2.5
SemgHandMovementCh2,6,450,450,0.8096154809239655,0.82717082438639,0.8102739634462552,0.8688249392967904,0.8818015928266945,0.817843411773142,0.8552157075975683,0.8301014047793631,0.880596761754277,0.819055006344806,0.8539353529398639,0.834217243014853,0.8792177273465192,0.8142532049106233,0.8663203971437985,0.8359037628165316,0.8776921654566812,0.8241215568427303,0.869957904820133,0.8354117989949307,0.8735579895736294,0.8339840470222507,0.8537012349722841,0.8459185191791891,0.8732509741877533,0.8392194039905296,0.8342036052121331,0.8357622727381147,0.903537667585424,0.8316382021067806,0.8748256960257674,0.8301586958970602,0.915933194337723,0.8494772300349039,0.8613650930616654,0.8222848899038485,0.8610294029123282,0.8075895017300738,1.8312383350112877,3.0
SemgHandMovementCh2,6,450,450,0.8129232982735886,0.8477203047301982,0.8609039776200829,0.8121425755889133,0.8282779959572335,0.8885156272547131,0.8748729434222483,0.8898569549709361,0.8257061245593298,0.8866376058505953,0.8801282144217772,0.8977398967095083,0.835783414029441,0.8940196238094911,0.8805101453006714,0.888708026974857,0.8305415759199397,0.8817061290161216,0.867526469676,0.8847475651251594,0.8331194712210475,0.8784272501637582,0.88633275596715,0.8989787716756185,0.8322666255730352,0.8745925692316806,0.8673266115902397,0.9071294863265815,0.8566333227268418,0.8935693912851859,0.8663065781577093,0.9074436174045577,0.8256347751592673,0.89474729611203,0.8640260741436208,0.9077966456941827,0.8494722947440153,0.881775230338188,1.834437933329534,3.5
SemgHandMovementCh2,6,450,450,0.8254309704119314,0.8203563222343261,0.8180848061156589,0.8964156829045741,0.8424026629198601,0.8258848028603465,0.8041704907938836,0.863524500733116,0.8471505504810823,0.8255703034599433,0.8016293779038564,0.8692801002013182,0.843340380449421,0.8329851136423922,0.8167902274434792,0.8658086038316636,0.8363093658195492,0.8187723774757045,0.8237710866305484,0.8748703564864393,0.8386037520817841,0.8209603968128131,0.8157527885951199,0.8570816058513148,0.8329813222102855,0.8501682058669214,0.8220769318721253,0.8592754246827872,0.8421048816672105,0.8447411228834137,0.7862791356385522,0.897025240695454,0.8545234253698526,0.8247680482178826,0.7905737048142767,0.8652168131075114,0.8243470591664859,0.8404923701198588,2.0618598008288993,4.0
SemgHandMovementCh2,6,450,450,0.8318919655458044,0.8281117653323273,0.8391186490709369,0.8254424598218959,0.8926276561054832,0.8449395985097516,0.8973974321353015,0.8087845356215946,0.8914664676836034,0.8453353720303796,0.8931781934313233,0.7986753448459696,0.9023378151120773,0.8430610921115549,0.8935190222921388,0.8116314224859892,0.9047325102718692,0.8513268249181831,0.8900826791421051,0.8053835666361933,0.8983902059626822,0.8411442138234142,0.9137812843964689,0.825154025693336,0.9154215232722932,0.860997512385255,0.9089962533031591,0.7890235707078151,0.9119157105363976,0.8395196126252578,0.9017076879645657,0.815916875889449,0.8908928643052861,0.8359622143656915,0.9028372831295091,0.7989003195214354,0.9308897920076054,0.8551461897605142,1.5060575552577913,4.5
ACSF1,10,100,100,0.7400000095367432,0.7335797241708373,0.86,0.8590529353687247,0.84,0.8236735931243939,0.7199999690055847,0.715647895313732,0.86,0.8551566416040098,0.7299999594688416,0.7196975092331128,0.85,0.8470031138452191,0.75,0.7529768314648513,0.85,0.8492740978230278,0.7599999904632568,0.7529119418593102,0.81,0.8094592899360701,0.7400000095367432,0.7358550609065484,0.84,0.8371015541644158,0.7899999618530273,0.781816966659072,0.86,0.8586140484902094,0.7400000095367432,0.7308329351807612,0.81,0.8045288354576279,0.75,0.7486588985963061,0.83,0.8231435540723466,451.49375677108765,1.0
ACSF1,10,100,100,0.7400000095367432,0.7335797241708373,0.86,0.8590529353687247,0.85,0.849423558897243,0.7799999713897705,0.7748276876800232,0.78,0.7801723155323909,0.7899999618530273,0.7855833558164962,0.86,0.8591714794231956,0.75,0.742374009026361,0.79,0.7877509718262174,0.7799999713897705,0.7663821400477747,0.82,0.8194119657432352,0.75,0.7440811476105593,0.8,0.7989106232604685,0.7400000095367432,0.7311638969382271,0.8,0.8003541334153799,0.7599999904632568,0.7499598897834192,0.81,0.8100961762695509,0.7199999690055847,0.7177240029175448,0.8,0.8016573794282773,334.9122624397278,1.5
ACSF1,10,100,100,0.7699999809265137,0.7642428923583856,0.86,0.8599521531100478,0.78,0.7745197118581153,0.7400000095367432,0.7335578010860337,0.88,0.8798632946001367,0.7299999594688416,0.727120780425061,0.85,0.8477246806079758,0.7299999594688416,0.7240039045921398,0.83,0.8262160069630792,0.7799999713897705,0.781785423898427,0.87,0.869587671418335,0.7599999904632568,0.7545815592403289,0.82,0.821223995818423,0.75,0.7510872770160696,0.83,0.8296849734970613,0.75,0.7447752230569569,0.78,0.776121567287202,0.7599999904632568,0.7503891447389899,0.8,0.8040201937725157,340.5401680469513,2.0
ACSF1,10,100,100,0.7699999809265137,0.7642428923583856,0.86,0.8600151894888738,0.86,0.8589595200121516,0.7599999904632568,0.7555772005772006,0.83,0.8254115895023149,0.75,0.745670579611083,0.8,0.7951417973749377,0.8100000023841858,0.8092000835421889,0.8,0.7997196920726333,0.7599999904632568,0.7552093520514573,0.79,0.7918487394957983,0.7199999690055847,0.7096179218098723,0.79,0.7860327087772909,0.75,0.7472527614471349,0.79,0.7850023677732656,0.7599999904632568,0.7583409717815425,0.79,0.7848129449408222,0.7899999618530273,0.7887885935873553,0.79,0.7845207716260348,351.9697015285492,2.5
ACSF1,10,100,100,0.8299999833106995,0.8276750467193326,0.84,0.8371591115469834,0.87,0.8661835962455156,0.7899999618530273,0.7727808057693641,0.84,0.8372081272700467,0.7400000095367432,0.7322016404647983,0.86,0.855765885301489,0.7799999713897705,0.7742849655948834,0.85,0.8501541733120681,0.7699999809265137,0.7675893422621112,0.83,0.8276968937495252,0.75,0.7466101081580958,0.81,0.8113649938999247,0.7899999618530273,0.7771613783533289,0.81,0.8049647737883032,0.75,0.7444358496680479,0.78,0.775369953404009,0.7299999594688416,0.7181650517711898,0.82,0.8156676217397714,441.0511484146118,3.0
ACSF1,10,100,100,0.8299999833106995,0.8276750467193326,0.84,0.8387845767250802,0.86,0.853463962937647,0.7899999618530273,0.7911415347638259,0.84,0.8366096614084229,0.7400000095367432,0.7336501868158215,0.84,0.8366297204687299,0.7599999904632568,0.7564622168337339,0.79,0.7865175192884171,0.7400000095367432,0.7387207361968433,0.8,0.7974099017597469,0.7400000095367432,0.7421710285945042,0.8,0.8015078510427817,0.7699999809265137,0.7667711945362207,0.84,0.8386286164143211,0.7899999618530273,0.7803174603174602,0.78,0.7773179284334217,0.7699999809265137,0.7712502998564379,0.81,0.8052724308640313,386.9467570781708,3.5
ACSF1,10,100,100,0.7599999904632568,0.7522832470620867,0.84,0.8366040809222933,0.84,0.8395668354020757,0.699999988079071,0.6947772147760707,0.85,0.8479615259181823,0.75,0.7411733880154933,0.78,0.7750290885585003,0.7599999904632568,0.757027354670004,0.77,0.7647556390977442,0.7400000095367432,0.7336391250349388,0.76,0.7560175192884171,0.75,0.7400017911823,0.81,0.8084530165994696,0.7400000095367432,0.7338468040985203,0.78,0.7818956516479736,0.7099999785423279,0.687925096113994,0.83,0.8272568443506657,0.7299999594688416,0.7105104561760909,0.77,0.7584705857151677,359.4951524734497,4.0
ACSF1,10,100,100,0.7599999904632568,0.7522832470620867,0.84,0.8366040809222933,0.83,0.8279737668592158,0.7299999594688416,0.72314591844643,0.8,0.7965314355407235,0.7400000095367432,0.7317090802065226,0.85,0.8484810064376628,0.7599999904632568,0.7577239117062432,0.8,0.797035215042955,0.7599999904632568,0.757800288134115,0.85,0.8492318799789522,0.75,0.7353981416498578,0.82,0.8146941877090618,0.75,0.7436888864414777,0.78,0.7766475011057054,0.7199999690055847,0.7096759463405552,0.83,0.8329675704412546,0.7099999785423279,0.6976255146799286,0.78,0.7736788793135543,358.8549199104309,4.5